name, scale_x, scale_y, scale_z, yaw, pitch, roll, translation_x, translation_y, translation_z
Pennington_Electric_Pot_Cabana_4, 0.29155870611604856, 0.29155870611604856, 0.29155870611604856, -5.654796995434579, -4.729690744620305, 1.2685219959641625, 0.16666666666666663, 0.05555555555555558, 9.818204820421009
Nintendo_Yoshi_Action_Figure, 0.28306204335563095, 0.28306204335563095, 0.28306204335563095, 3.8077450162746924, -2.886062085832224, 1.6067053876353015, -0.5, -0.2777777777777778, 10.480106268988715
ASICS_GELDirt_Dog_4_SunFlameBlack, 0.23948899117259587, 0.23948899117259587, 0.23948899117259587, -4.1580782356027015, -3.0677729075896005, 2.9798617463456942, -0.05555555555555558, -0.05555555555555558, 7.611866658528646
HAPPY_ENGINE, 0.2660997162230129, 0.2660997162230129, 0.2660997162230129, 5.152002734233818, 1.4850486962640002, -2.4042892661279676, 0.2777777777777778, -0.05555555555555558, 4.964260864257812
BATHROOM_FURNITURE_SET_1, 0.2903612638669999, 0.2903612638669999, 0.2903612638669999, -6.194567581424307, -1.317233386364025, -5.573199845933854, -0.05555555555555558, 0.2777777777777778, 6.288063761393229
Just_For_Men_Mustache_Beard_Brushin_Hair_Color_Gel_MediumDark_Brown_M40, 0.21367117864310559, 0.21367117864310559, 0.21367117864310559, 5.668922756793327, -4.387915372773955, -5.554166467795283, 0.38888888888888884, -0.3888888888888889, 6.177746853298612
Teenage_Mutant_Ninja_Turtles_Rahzar_Action_Figure, 0.207639998625279, 0.207639998625279, 0.207639998625279, -3.04649168137609, -2.014643011739876, 5.175124573589953, 0.2777777777777778, 0.2777777777777778, 9.597571004231773
REEF_BRAIDED_CUSHION, 0.26427600641270144, 0.26427600641270144, 0.26427600641270144, -3.6870405576823875, 5.4625225736823655, -1.0182176010489927, 0.05555555555555558, -0.16666666666666669, 7.280915934244793
Black_and_Decker_PBJ2000_FusionBlade_Blender_Jars, 0.20634597045383743, 0.20634597045383743, 0.20634597045383743, 4.71483653781682, 1.7976603590669686, -0.6440537999151497, -0.2777777777777778, 0.5, 1.6547536214192708
Marvel_Avengers_Titan_Hero_Series_Doctor_Doom, 0.21556588064022572, 0.21556588064022572, 0.21556588064022572, -3.835161380309395, 0.21333894782049434, 0.23062216456490336, -0.16666666666666669, 0.38888888888888884, 0.8825352647569445
OXO_Soft_Works_Can_Opener_SnapLock, 0.20840603653880335, 0.20840603653880335, 0.20840603653880335, 1.7574446439164433, 3.3123887111394215, -2.1744513593091304, -0.2777777777777778, 0.05555555555555558, 1.4341198052300348
ASICS_GELLinksmaster_WhiteCoffeeSand, 0.24644615860610875, 0.24644615860610875, 0.24644615860610875, -3.6492832603237884, 2.528602078406646, -3.305646341670813, 0.2777777777777778, 0.5, 5.295211588541667
Ortho_Forward_Facing, 0.2222527142977364, 0.2222527142977364, 0.2222527142977364, -4.021335022009792, -1.1139159863597223, -5.644848406914237, -0.05555555555555558, -0.2777777777777778, 4.412676323784723
QHPomegranate, 0.20687656462596207, 0.20687656462596207, 0.20687656462596207, -5.356008438763212, -3.0763122365198834, -5.811872207976587, 0.16666666666666663, 0.38888888888888884, 6.729331393771702
Nescafe_Momento_Mocha_Specialty_Coffee_Mix_8_ct, 0.2899431668296741, 0.2899431668296741, 0.2899431668296741, -0.9267405824024495, -1.5903416451402395, 3.3892127041412348, 0.16666666666666663, -0.3888888888888889, 6.949965209960938
BIA_Porcelain_Ramekin_With_Glazed_Rim_35_45_oz_cup, 0.21501029882262282, 0.21501029882262282, 0.21501029882262282, -5.9077576713238855, -0.09871544093621232, -4.819762598972465, -0.3888888888888889, 0.2777777777777778, 11.031690809461807
NattoMax, 0.24600276626587347, 0.24600276626587347, 0.24600276626587347, 1.1597378330979682, 5.848061692070539, -0.33089376557221417, -0.2777777777777778, 0.05555555555555558, 5.957113037109376
Santa_Cruz_Mens, 0.20964741549157778, 0.20964741549157778, 0.20964741549157778, 5.361651447386928, -5.94438441948533, -5.1602131424566196, 0.05555555555555558, -0.3888888888888889, 8.273768107096355
Reebok_FUELTRAIN, 0.24212711489625682, 0.24212711489625682, 0.24212711489625682, 1.931164448534961, -2.4062106530134977, 2.9399200732494446, 0.2777777777777778, 0.16666666666666663, 10.25947245279948
Threshold_Porcelain_Pitcher_White, 0.21535351741259687, 0.21535351741259687, 0.21535351741259687, 1.0589107732636514, -3.96538649398412, 1.177662548628403, 0.16666666666666663, 0.38888888888888884, 4.853943956163195
Hasbro_Monopoly_Hotels_Game, 0.26241827704120535, 0.26241827704120535, 0.26241827704120535, -0.4087423332984814, -5.542620661995068, -1.3527204262728327, 0.2777777777777778, -0.05555555555555558, 7.942817382812501
Mens_Gold_Cup_ASV_2Eye_Boat_Shoe_in_Cognac_Leather, 0.2742563150719557, 0.2742563150719557, 0.2742563150719557, 4.940112461582887, 5.650499175990134, 1.6650089303238156, -0.16666666666666669, 0.5, 9.266620279947917
Connect_4_Launchers, 0.22231617303689818, 0.22231617303689818, 0.22231617303689818, -1.1889164225826665, -3.5558031802007886, -3.95447569392062, -0.5, -0.2777777777777778, 8.825352647569446
Womens_Bluefish_2Eye_Boat_Shoe_in_Linen_Natural_Sparkle_Suede_w34KNQ41csH, 0.28235134180633553, 0.28235134180633553, 0.28235134180633553, 3.4282578198057205, -3.431971206547107, 2.9440615187775165, -0.3888888888888889, 0.16666666666666663, 5.405528496636285
Perricone_MD_Vitamin_C_Ester_15, 0.2313102254032388, 0.2313102254032388, 0.2313102254032388, -3.1078827621088627, 2.539649088370094, -2.8671727648407717, -0.2777777777777778, -0.5, 5.736479220920139
Nescafe_16Count_Dolce_Gusto_Cappuccino_Capsules, 0.2370277243906534, 0.2370277243906534, 0.2370277243906534, 1.9150090283825634, -6.0228021170057175, 3.9971661656562354, -0.3888888888888889, 0.2777777777777778, 8.935669555664063
Womens_Authentic_Original_Boat_Shoe_in_Classic_Brown_Leather, 0.2033777669356985, 0.2033777669356985, 0.2033777669356985, 1.480021048310638, -1.1463003356946402, 5.855506293580547, -0.16666666666666669, 0.5, 5.074577772352431
Timberland_Mens_Earthkeepers_Stormbuck_Plain_Toe_Oxford, 0.22154242337811209, 0.22154242337811209, 0.22154242337811209, -5.6547468737348705, 3.0759788057206485, 5.52072953429219, 0.5, 0.05555555555555558, 6.398380669487847
UGG_Classic_Tall_Womens_Boots_Chestnut_7, 0.2216051333434459, 0.2216051333434459, 0.2216051333434459, -2.7732635650163133, 5.214895648134654, -0.8911527918475093, 0.38888888888888884, 0.5, 9.1563033718533
Hasbro_Trivial_Pursuit_Family_Edition_Game, 0.2505016579586129, 0.2505016579586129, 0.2505016579586129, -5.638950675317423, -3.885028094332798, -3.256019391055751, 0.38888888888888884, 0.2777777777777778, 1.544436713324653
Womens_Suede_Bahama_in_Graphite_Suede_cUAjIMhWSO9, 0.2869278529867315, 0.2869278529867315, 0.2869278529867315, -5.044635089818803, 3.306921432247151, -4.717606175653655, -0.3888888888888889, 0.2777777777777778, 3.088873426649306
Schleich_Hereford_Bull, 0.2601054056593836, 0.2601054056593836, 0.2601054056593836, -3.351930058968612, 5.387678140985166, -1.4747182336078835, -0.3888888888888889, -0.2777777777777778, 3.41982415093316
Reebok_BREAKPOINT_MID, 0.27925239604481117, 0.27925239604481117, 0.27925239604481117, -5.317669532758587, 2.4381550415885513, 0.6376190682941605, 0.2777777777777778, 0.05555555555555558, 2.5372888861762153
CHILDRENS_ROOM_NEO, 0.26309874418895035, 0.26309874418895035, 0.26309874418895035, 3.444745580780239, -3.727572512232184, 2.3171205299220983, -0.3888888888888889, -0.16666666666666669, 4.6333101399739585
Ecoforms_Plant_Saucer_S20MOCHA, 0.2219847262833451, 0.2219847262833451, 0.2219847262833451, -2.0009910249297596, -1.749388786719213, -4.3675895988176485, 0.5, 0.5, 2.2063381618923614
Ecoforms_Pot_Nova_6_Turquoise, 0.23020531873377006, 0.23020531873377006, 0.23020531873377006, -1.3529479385121368, 0.6705433537318433, 0.9549496050004356, -0.3888888888888889, -0.3888888888888889, 5.626162312825521
Perricone_MD_Skin_Total_Body_Supplements, 0.2816488001187567, 0.2816488001187567, 0.2816488001187567, -1.6046581670510598, -1.7169739916331723, -0.03967159321932634, 0.5, 0.16666666666666663, 3.6404579671223964
Ecoforms_Planter_Bowl_Cole_Hardware, 0.2053380865858706, 0.2053380865858706, 0.2053380865858706, -0.7314136420331723, 0.22661600104231994, 5.612359362016816, 0.5, 0.5, 6.067429945203994
Lactoferrin, 0.2503835833075346, 0.2503835833075346, 0.2503835833075346, -1.7169940591671597, -2.233927426708595, 4.8183029881799495, -0.5, 0.05555555555555558, 8.053134290907119
QAbsorb_CoQ10, 0.2411786846632215, 0.2411786846632215, 0.2411786846632215, -6.131701855046596, 5.654669363875614, 5.097920706768923, 0.38888888888888884, 0.38888888888888884, 3.1991903347439234
NESCAFE_NESCAFE_TC_STKS_DECAF_6_CT, 0.2781026845015474, 0.2781026845015474, 0.2781026845015474, -0.6211988711168352, -0.268296228662515, -4.487298167114241, -0.16666666666666669, -0.05555555555555558, 10.921373901367188
Fujifilm_instax_SHARE_SP1_10_photos, 0.23816512737832685, 0.23816512737832685, 0.23816512737832685, 0.6635970291085442, 0.5023094892647277, 4.259825716759702, -0.05555555555555558, -0.3888888888888889, 5.846796129014757
Retail_Leadership_Summit_tQFCizMt6g0, 0.23668276195293483, 0.23668276195293483, 0.23668276195293483, -4.531765712039073, -2.015267089623194, 0.4807346433506696, 0.2777777777777778, -0.05555555555555558, 10.038838636610244
Reebok_CLASSIC_LEGACY_II, 0.2064840560123487, 0.2064840560123487, 0.2064840560123487, -0.9006075227461121, 2.406515837194714, -1.8056162487888692, -0.2777777777777778, 0.16666666666666663, 1.3238028971354168
ALPHABET_AZ_GRADIENT, 0.2826795029554832, 0.2826795029554832, 0.2826795029554832, 3.696763941086294, 1.8489436977114337, -0.692575483006161, -0.3888888888888889, 0.38888888888888884, 0.3309507242838542
DINING_ROOM_CLASSIC_UJuxQ0hv5XU, 0.24978696895785302, 0.24978696895785302, 0.24978696895785302, 0.9023536294142662, -1.3163179399902614, -5.137741258714513, -0.2777777777777778, 0.16666666666666663, 0.4412676323784723
Footed_Bowl_Sand, 0.2280650154941367, 0.2280650154941367, 0.2280650154941367, -1.707190729596591, -4.9655120931740155, -2.7138302466140036, 0.5, 0.5, 5.515845404730904
Super_Mario_3D_World_Deluxe_Set_yThuvW9vZed, 0.26124790418378335, 0.26124790418378335, 0.26124790418378335, 3.615131608255844, 2.4796658995062977, -3.3744403069648836, 0.16666666666666663, -0.05555555555555558, 4.192042507595486
Womens_Bluefish_2Eye_Boat_Shoe_in_Linen_Natural_Sparkle_Suede_kqi81aojcOR, 0.25760819429895254, 0.25760819429895254, 0.25760819429895254, -2.4722859471056897, -2.754524001363041, -3.634245233515715, 0.5, -0.3888888888888889, 1.2134859890407987
Chefmate_8_Frypan, 0.24537596622272906, 0.24537596622272906, 0.24537596622272906, 0.42940385668421754, -0.8950053128640887, 4.928546644161452, 0.16666666666666663, -0.16666666666666669, 5.184894680447049
Crayola_Crayons_120_crayons, 0.277446304530643, 0.277446304530643, 0.277446304530643, 0.8048856748173101, 4.138138924997358, 1.887823720230685, -0.5, -0.2777777777777778, 7.391232842339411
Retail_Leadership_Summit, 0.25775969198631116, 0.25775969198631116, 0.25775969198631116, 3.3269875256404386, -4.822971645917008, -1.2555622989691528, -0.5, -0.05555555555555558, 2.978556518554688
Threshold_Salad_Plate_Square_Rim_Porcelain, 0.2777242448549686, 0.2777242448549686, 0.2777242448549686, -3.951997766098538, -0.996925884792808, -1.486274959589946, 0.38888888888888884, -0.16666666666666669, 10.81105699327257
Tag_Dishtowel_Basket_Weave_Red_18_x_26, 0.20270573430335825, 0.20270573430335825, 0.20270573430335825, 3.1502870698056995, 0.7883973736979577, 3.158548813038186, -0.2777777777777778, -0.5, 9.928521728515625
Squirt_Strain_Fruit_Basket, 0.2504306480259061, 0.2504306480259061, 0.2504306480259061, 0.33435052349048267, -3.5045640044998794, -0.4302163108891959, 0.2777777777777778, -0.05555555555555558, 7.832500474717882
Unmellow_Yellow_Tieks_Neon_Patent_Leather_Ballet_Flats, 0.2733178674508757, 0.2733178674508757, 0.2733178674508757, 2.07134422716339, 2.6784964691331226, -4.023820748837828, 0.38888888888888884, -0.2777777777777778, 10.590423177083334
Chelsea_lo_fl_rdheel_zAQrnhlEfw8, 0.2474332047046694, 0.2474332047046694, 0.2474332047046694, -5.513401183137911, -1.3068354794078045, -4.640711688627732, 0.38888888888888884, -0.16666666666666669, 6.508697577582465
Mattel_SKIP_BO_Card_Game, 0.2059928146591534, 0.2059928146591534, 0.2059928146591534, -4.312587908170323, -6.124840144928589, -5.263732411211832, -0.05555555555555558, 0.38888888888888884, 0.7722183566623265
Razer_BlackWidow_Ultimate_2014_Mechanical_Gaming_Keyboard, 0.22609239998263567, 0.22609239998263567, 0.22609239998263567, 4.468971695011346, 5.90141109583581, 5.168298799090254, -0.16666666666666669, 0.2777777777777778, 4.302359415690105
Womens_Hikerfish_Boot_in_Linen_Leather_Sparkle_Suede_imlP8VkwqIH, 0.24167136460165106, 0.24167136460165106, 0.24167136460165106, 4.781008261592493, 2.6064354011526394, -0.1632244089819297, -0.3888888888888889, 0.38888888888888884, 8.384085015190973
Ecoforms_Planter_Pot_GP12AAvocado, 0.25145960870307443, 0.25145960870307443, 0.25145960870307443, 4.483059300423907, -0.17408380843552518, 2.6732330468972094, 0.05555555555555558, -0.05555555555555558, 1.8753874376085073
ASICS_GELLinksmaster_WhiteSilverCarolina_Blue, 0.24908800208103796, 0.24908800208103796, 0.24908800208103796, -5.476167131877159, -3.9577358502078765, 5.184000338638031, 0.05555555555555558, 0.05555555555555558, 8.494401923285592
Olive_Kids_Trains_Planes_Trucks_Munch_n_Lunch_Bag, 0.21075133136942406, 0.21075133136942406, 0.21075133136942406, -5.5606809816804015, -0.29100332333166623, 6.165073352433712, -0.2777777777777778, 0.16666666666666663, 9.04598646375868
CoQ10_BjTLbuRVt1t, 0.2770479584378708, 0.2770479584378708, 0.2770479584378708, -0.3390850745291356, -1.9638166613527055, -0.4473998011683502, -0.05555555555555558, -0.2777777777777778, 7.060282118055556
Ecoforms_Plant_Container_S14Turquoise, 0.27029183854009664, 0.27029183854009664, 0.27029183854009664, 5.855147185687027, 4.686045794747269, -4.397431353862091, -0.05555555555555558, -0.5, 4.743627048068577
Nescafe_Memento_Latte_Caramel_8_08_oz_23_g_packets_64_oz_184_g, 0.243847284698613, 0.243847284698613, 0.243847284698613, 2.3940972452070035, -5.683513818513713, -3.5691852896882974, -0.5, -0.05555555555555558, 3.3095072428385417
Big_O_Sponges_Assorted_Cellulose_12_pack, 0.22591372501947204, 0.22591372501947204, 0.22591372501947204, -3.0420729240584152, -5.340368375071942, -6.157618530953451, -0.05555555555555558, 0.38888888888888884, 10.149155544704861
CITY_TAXI_POLICE_CAR, 0.2636254436435583, 0.2636254436435583, 0.2636254436435583, -2.718743607990329, 3.4824786285141833, 3.0883536687397495, -0.16666666666666669, -0.3888888888888889, 7.722183566623264
Womens_Audrey_Slip_On_Boat_Shoe_in_Graphite_Nubuck_xWVkCJ5vxZe, 0.23975659747795186, 0.23975659747795186, 0.23975659747795186, 3.6830445370225178, 3.1580838945745047, 4.109687066056356, 0.38888888888888884, 0.16666666666666663, 3.861091783311632
Office_Depot_Canon_PGI22_Remanufactured_Ink_Cartridge_Black, 0.2773625450946117, 0.2773625450946117, 0.2773625450946117, 5.199485268769351, 2.061001472768565, -1.475339969650336, 0.05555555555555558, 0.16666666666666663, 2.8682396104600696
Brother_Ink_Cartridge_Magenta_LC75M, 0.20340715369033024, 0.20340715369033024, 0.20340715369033024, 5.767544015322372, -0.0071120619693472165, 4.441427514320374, 0.5, -0.2777777777777778, 1.9857043457031252
Ecoforms_Plant_Container_S24NATURAL, 0.2445486625012119, 0.2445486625012119, 0.2445486625012119, -2.46290439925202, 5.669918429093618, 0.8614112049148197, 0.05555555555555558, -0.3888888888888889, 1.1031690809461807
TWIST_SHAPE, 0.2295260514687892, 0.2295260514687892, 0.2295260514687892, -1.0069170911098722, -0.6676201872304395, -3.7031846795907586, 0.05555555555555558, -0.2777777777777778, 9.70788791232639
GRANDFATHER_DOLL, 0.2646363434817951, 0.2646363434817951, 0.2646363434817951, -4.316415948043602, 3.1904883964185213, 3.7256013316480274, -0.5, -0.5, 3.7507748752170147
Cole_Hardware_Bowl_Scirocco_YellowBlue, 0.2759371076177874, 0.2759371076177874, 0.2759371076177874, 3.9460071040563154, 0.0709459392714713, 1.6137369728825917, 0.5, -0.5, 9.487254096137153
Mens_Authentic_Original_Boat_Shoe_in_Navy_Leather_NHHQddDLQys, 0.20680209016159068, 0.20680209016159068, 0.20680209016159068, -4.5529877733547215, 2.710014683576734, 2.499618992904292, -0.5, -0.3888888888888889, 4.52299323187934
Epson_LabelWorks_LC5WBN9_Tape_reel_labels_071_x_295_Roll_Black_on_White, 0.22283968101691573, 0.22283968101691573, 0.22283968101691573, 4.285961405688317, 3.083213165514749, 2.0092548920076894, 0.05555555555555558, 0.2777777777777778, 2.3166550699869792
Hasbro_Dont_Wake_Daddy_Board_Game, 0.23289968429380833, 0.23289968429380833, 0.23289968429380833, -4.865484242880962, 4.988103031953983, 5.9654333726702635, 0.16666666666666663, 0.16666666666666663, 0.11031690809461807
Just_For_Men_ShampooIn_Haircolor_Light_Brown_25, 0.2252224098669549, 0.2252224098669549, 0.2252224098669549, -4.1315908385295685, 2.6786151693194746, -0.9572181148470875, -0.2777777777777778, 0.2777777777777778, 3.530141059027778
BIA_Cordon_Bleu_White_Porcelain_Utensil_Holder_900028, 0.21922581138298636, 0.21922581138298636, 0.21922581138298636, 1.864247971403607, -4.187277916998287, -1.556997732713321, 0.05555555555555558, -0.5, 6.83964830186632
Utana_5_Porcelain_Ramekin_Large, 0.24210355449105253, 0.24210355449105253, 0.24210355449105253, -0.6022155626009784, 6.044707154865904, -3.2819241205839824, 0.5, 0.5, 1.765070529513889
GEOMETRIC_SORTING_BOARD, 0.21557120635984034, 0.21557120635984034, 0.21557120635984034, -5.779277614909868, 4.698753558108219, 2.029889654173699, -0.2777777777777778, -0.16666666666666669, 8.163451199001736
HeavyDuty_Flashlight, 0.21628638779367443, 0.21628638779367443, 0.21628638779367443, 0.39796259843180604, 4.959300051238618, -2.4545693938511595, -0.5, 0.38888888888888884, 10.700740085177951
Perricone_MD_Hypoallergenic_Gentle_Cleanser, 0.2745873135564333, 0.2745873135564333, 0.2745873135564333, 1.8027470041798885, -1.4943611254861935, 3.0823419688795326, 0.16666666666666663, -0.2777777777777778, 2.4269719780815975
PINEAPPLE_MARACA_6_PCSSET, 0.231399266916916, 0.231399266916916, 0.231399266916916, -0.033224483064643096, -0.38759034939099113, 0.22485348230923385, -0.05555555555555558, 0.05555555555555558, 2.757922702365452
The_Coffee_Bean_Tea_Leaf_KCup_Packs_Jasmine_Green_Tea_16_count, 0.2896366433717753, 0.2896366433717753, 0.2896366433717753, 0.5372201578772939, -5.335641767762898, 5.634429878755972, 0.16666666666666663, -0.16666666666666669, 2.6476057942708335
Shurtape_Tape_Purple_CP28, 0.23178638871536694, 0.23178638871536694, 0.23178638871536694, 2.763801694753681, 5.365034869865056, 3.5368292929452636, 0.38888888888888884, 0.5, 0.22063381618923614
Saccharomyces_Boulardii_MOS_Value_Size, 0.2219691028493462, 0.2219691028493462, 0.2219691028493462, 5.8550301077550575, -3.8154480020785257, 5.489922346210484, 0.38888888888888884, -0.16666666666666669, 6.619014485677083
BUILD_A_ZOO, 0.2722031980980057, 0.2722031980980057, 0.2722031980980057, 1.811138479606111, 1.8466439088817577, -3.108702745247376, 0.5, 0.05555555555555558, 2.096021253797743
Perricone_MD_The_Power_Treatments, 0.25749219273630236, 0.25749219273630236, 0.25749219273630236, 0.5799565036217338, -5.561681347349871, 2.4799261549321496, -0.16666666666666669, -0.16666666666666669, 8.60471883138021
Melissa_Doug_Felt_Food_Pizza_Set, 0.23745982395707005, 0.23745982395707005, 0.23745982395707005, -5.771743593699856, 0.16428867329208607, 3.6327450149304834, -0.16666666666666669, 0.2777777777777778, 7.170599026150175
Magnifying_Glassassrt, 0.2677342921728556, 0.2677342921728556, 0.2677342921728556, -0.03886295656606009, -4.664805388470223, 4.333843673269078, -0.3888888888888889, -0.16666666666666669, 7.501549750434029
FRUIT_VEGGIE_MEMO_GRADIENT, 0.2269033021002263, 0.2269033021002263, 0.2269033021002263, 1.0427157561722131, 3.5240250092700673, 6.187751926576654, -0.05555555555555558, -0.3888888888888889, 3.9714086914062503
Now_Designs_Snack_Bags_Bicycle_2_count, 0.28076113834870164, 0.28076113834870164, 0.28076113834870164, 1.551257650107301, -3.5633052413950597, 4.700012649399801, -0.5, -0.5, 9.376937188042536
Whey_Protein_Vanilla_12_Packets, 0.2384332674714192, 0.2384332674714192, 0.2384332674714192, 6.213436711352887, 0.5261878682884049, 4.499359855997195, 0.2777777777777778, -0.5, 0.5515845404730904
Ecoforms_Plant_Container_Quadra_Turquoise_QP12, 0.23057053698314275, 0.23057053698314275, 0.23057053698314275, 0.349574480625364, -0.5612641160981529, 5.180889172057267, 0.2777777777777778, -0.5, 4.081725599500868
Tory_Burch_Sabe_65mm_Bootie_Split_Suede_in_Caramel, 0.2148615660156039, 0.2148615660156039, 0.2148615660156039, 1.5652050891962164, -6.178516702423306, 1.6192288352522715, -0.16666666666666669, -0.5, 8.715035739474827
Sootheze_Toasty_Orca, 0.2729108932711969, 0.2729108932711969, 0.2729108932711969, -2.1155943177365195, -2.2547074881980294, 2.5535639501908936, 0.16666666666666663, 0.16666666666666663, 0.6619014485677084
Crunch_Girl_Scouts_Candy_Bars_Peanut_Butter_Creme_78_oz_box, 0.2792859132574726, 0.2792859132574726, 0.2792859132574726, 4.019125434035031, -5.637556022260488, -4.7998685045539045, 0.05555555555555558, 0.05555555555555558, 10.369789360894098
Reebok_SL_FLIP_UPDATE, 0.21614360530849716, 0.21614360530849716, 0.21614360530849716, -2.664160439012025, 1.7843088727563376, 4.521601411114515, -0.16666666666666669, 0.38888888888888884, 0.9928521728515626
